image_name,condition,description,time,id
000000008305.jpg,time,Three men in pink uniforms are standing on a court,15698,3uaybg5k
000000002142.jpg,time,An old man is sitting on a bench smiling and feeding pigeons.,18934,58hchenn
000000000049.jpg,time,Two people are on horseback with the horses' front legs in the air.,18982,9sdgzy82
000000009372.jpg,time,a bride and the groom descend the steps with people on each side of them,30603,piq3gxbp
000000003080.jpg,time,a modern clock tower that has a metal face is in front of a multi-level building,31697,utwblqmj
000000010324.jpg,time,A fridge door sits open exposing the insides that are full.,21441,2puz32o3
000000002415.jpg,time,People are trying to pull the bull using the rope,68535,k4xrbmok
000000011494.jpg,time,People are standing in the top of the bus and rising their hands,41052,r3mk529o
000000005213.jpg,time,A bike is parked in the side of the road,38392,5zc9r2yb
000000009172.jpg,time,A clock is fixed on the pole and placed on the side of the road ,72756,y2riax68
000000016308.jpg,time,A tennis player is standing on the tennis court and people are watching,49120,vlj7j8xx
000000004975.jpg,time,"Some people, may be attorneys are talking with each other and someone is standing with umbrella",80295,nvgqqzxw
000000008305.jpg,time,There are three sports player playing ball in the ground.,25616,mgkc2boi
000000002142.jpg,time,An old kind person feeding to more pigeons.,45437,55ws0ptq
000000000049.jpg,time,Two man riding horses in the ground one horse is black and another is white.,39331,igiahbra
000000009372.jpg,time,A couple wearing marriage dress in front of church.,20087,nrfhq3i6
000000003080.jpg,time,A tower clock in the wall in the road,19350,7a1wcr3k
000000010324.jpg,time,There are many things in the fridge in room,23543,65ih0x03
000000006579.jpg,time,baby with a white teddy bear and around some persons,47904,cyzmyeh6
000000006780.jpg,time,one girl on the ground others are playing,51357,5nvwva59
000000007069.jpg,time,a man keeping a yellow thing on his hand and wearing glass,37215,4tqmdgm8
000000011567.jpg,time,a tennis player with a tennis ball and bat in the court ,51655,683rr9td
000000018766.jpg,time,multi coloured bicycle is parked under the big thing,33678,mfz89er5
000000005755.jpg,time,a yellow engine in the ground and some plants around that,33911,ihp84bgu
000000002415.jpg,control,Four men hold the ropes to a cow that is standing.,34544,k6ie3ox9
000000011494.jpg,control,"A bunch of people are on a double decker bus that has a pride flag on the side, while people watch them on the street.",25244,8eqtg50r
000000005213.jpg,control,A red motorcycle sits on the side of a road at the White Mountain National Forest.,31821,1hz8ochr
000000009172.jpg,control,An old fashioned pillar with a clock on it sits on the sidewalk.,36352,z0ya1nuf
000000016308.jpg,control,A woman holds a tennis racket in front of a large crowd on a grass court.,11947,cio7nedb
000000004975.jpg,control,A woman under an umbrella in a robe smiles next to other people in robes.,29370,pi2eguap
000000008305.jpg,time,Three men in pink uniforms are holding a ball in a gym.,40105,74oaozz5
000000002142.jpg,time,A man sitting on a park bench with dozens of pigeons all around him.,44603,cak70l4w
000000000049.jpg,time,One black horse and one white horse are standing on their two hind legs with riders on their backs.,36763,358bwegk
000000009372.jpg,time,An Asian bride and groom are walking out of a building in the middle of cheering guests.,32398,hnhqay00
000000003080.jpg,time,A large clock on a small tower is seen in front of a glass office building.,26795,fejmds7c
000000010324.jpg,time,The right side of a refrigerator is open with all of its contents visible.,48272,bmg9zsl1
000000002415.jpg,control,There are six persons pulling the ox in the grass,29155,3f44fj08
000000011494.jpg,control,many persons going very happily in the bus,29105,3ifqq5va
000000005213.jpg,control,In the blank road and near green trees a bike standing there.,28895,e9fwftmx
000000009172.jpg,control,Clock tower and lamp standing there in the road.,29038,rm8du113
000000016308.jpg,control,A lady playing tennis in the ground infront of spectators.,30086,7gv7cwtn
000000004975.jpg,control,two ladies holding umbrella with graduation coat talking with some gents,51967,pr4un8fq
000000002415.jpg,time,A crowd tries to lasso a baby buffalo.,41782,qu5egi34
000000011494.jpg,time,A red double decker bus with lots of people on it display a huge gay pride flag. ,44871,biefhopc
000000005213.jpg,time,A motorcycle without a driver is parked on an empty country road and on the right side is lots of vegetation and trees. ,60343,8ketnwn6
000000009172.jpg,time,"The setting close to an old highway overpass, with an old clock on the left side. ",67181,flz9q3yv
000000016308.jpg,time,"Serena Williams is on the tennis court, with onlookers in the stands right behind her. ",32822,w1mq51e8
000000004975.jpg,time,"A group of elderly and middle aged university faculty members are gathered together in cap and gown, in a graduation ceremony. ",54270,d3rt68hy
000000006579.jpg,control,A woman in uniform comforts a crying baby.,66241,ieqf1ttd
000000006780.jpg,control,The teens are playing sports in a huge open field.,78914,p151v7sa
000000007069.jpg,control,"The man stands in front of a ""12"" sign smiling and holding a frisbee",47372,f6wtja9o
000000011567.jpg,control,The tennis playing man makes a jarring face,33271,w3gtftia
000000018766.jpg,control,The bike sits under a statue while it rains outside,31130,4mcg5q2q
000000005755.jpg,control,A rite aid cart is parked right next to the fire hydrant.,21420,wvrky82i
000000008305.jpg,comprehensive,Three men wearing pink shirts and shorts are standing in a gym holding volleyballs.,21276,lyetidnr
000000002142.jpg,comprehensive,A man is sitting on a park bench surrounded by several pigeons.,12813,2po3r6m6
000000000049.jpg,comprehensive,Two men are on the back of a white and black horse that have their front hooves up in the air.,21560,t1srvx3s
000000009372.jpg,comprehensive,A bride and groom wearing all white are exiting a building while several people look on.,14278,mhk550cs
000000003080.jpg,comprehensive,The front of a building is shown with 2 large clocks on it.,14206,leksvg0y
000000010324.jpg,comprehensive,A side by side refrigerator is shown with the left side door open.,12592,4t74fg2l
000000006579.jpg,essential,A little boy holding a teddy bear looks frightened as he is looking at a woman in an army uniform.,18020,zohdgeyx
000000006780.jpg,essential,A woman is lying on the floor with a frisbee as other players run up to her.,22130,6cp93i4d
000000007069.jpg,essential,A man holds a frisbee in front of a disc golf marker.,11618,86myu428
000000011567.jpg,essential,A tennis player makes a funny face as he stands on the court holding a racket and a ball.,13895,dwh8szk0
000000018766.jpg,essential,A closed umbrella is attached to a bicycle under a fountain.,56858,y5v5fbp3
000000005755.jpg,essential,A yellow hydrant sits on a patch of grass on the sidewalk near a shopping cart.,19369,uvwxoxsc
000000011034.jpg,control,boy sitting in the sofa and playing video games and a man sitting nearby,84297,u10j8ksh
000000002400.jpg,control,A man with two big dogs sitting at the park,30423,fp56dml2
000000001053.jpg,control,bicycle riders crossing the road very carefully and a car closeby,35166,r1y5x67t
000000007524.jpg,control,a woman riding on a horse and a man on a motor bike watching this riding,56575,ocbvy58g
000000003325.jpg,control,A pot is painted very beautifully and very naturally and some people inside the room,44021,t69qmdgg
000000012109.jpg,control,a red and black colour small car filling fuel at the bulk ,28777,mjagifov
000000002415.jpg,essential,A bull with a rope tied around its horn being tugged on by men. ,24904,arpw4m3l
000000011494.jpg,essential,A group of elderly people riding on a bus with a pride flag.,13039,ryjzxyl5
000000005213.jpg,essential,A motorcycle pulled over by a national forest sign.,13896,cn0mqfu9
000000009172.jpg,essential,A clock sitting in front of an bridge. ,19640,otmhimx9
000000016308.jpg,essential,A woman playing tennis in a professional aspect. ,22643,njpxws14
000000004975.jpg,essential,A women smiling holding an umbrella at a graduation. ,20915,3vi7z2f9
000000002415.jpg,essential,A group of men are controlling a cow with green rope.,36945,vdbcacdw
000000011494.jpg,essential,A double decker bus with people on top and a rainbow flag on its side is in a parade.,47642,15pgryoh
000000005213.jpg,essential,A red and black motorcycle is parked on the side of the road in front of a White Mountain National Forest sign.,26301,4k7oabpt
000000009172.jpg,essential,A clock on a pole is seen in front of a bridge.,35177,ukggiqfc
000000016308.jpg,essential,Serena Williams in a white tennis outfit is holding a racket by her side in the middle of tennis court.,24692,njvqyrto
000000004975.jpg,essential,A graduation ceremony where people are in full cap and gown.,55393,fhw2rlfk
000000011034.jpg,control,a father and his child playing video games,103912,aoys07ln
000000002400.jpg,control,a man photography with dogs in the nature,29460,eeidvf7f
000000001053.jpg,control,a cycling boys playing in road in the morning,39160,lkuxbrty
000000007524.jpg,control,a girl horse raid on the road in public,158173,1h3jc46f
000000003325.jpg,control,a big jar showing people in museum in the city,35012,yhobh8wx
000000012109.jpg,control,a nano car in the road on people showing,24073,avpv34rf
000000011034.jpg,control,A young boy and a man are sitting on a blue couch holding video game controllers.,17826,3y2qtdzf
000000002400.jpg,control,A man is sitting on a park bench while 2 dogs sit nearby.,11916,gw7n7qsn
000000001053.jpg,control,Five men on bikes are crossing a street in front of a silver car.,12495,g60hxr8i
000000007524.jpg,control,A police officer is sitting on a horse while talking with a police officer sitting on a motorcycle.,20304,nboa87o5
000000003325.jpg,control,A brown vace is shown behind a glass case with people in the background.,14661,8f3a18ny
000000012109.jpg,control,A black and red mini car is parked in front of a parking meter.,12744,6w9syroi
000000006579.jpg,control,A child with a terrified look on his face is holding stuffed animals in front of a soldier.,29137,vw83irke
000000006780.jpg,control,A young woman is on the ground holding a white frisbee in the middle of an ultimate frisbee game.,40724,tumfpe13
000000007069.jpg,control,A man is outdoors holding a yellow frisbee while standing in front of a sign on a wooden post.,32422,6agdqe7l
000000011567.jpg,control,A man with an incredulous look on his face is standing on a tennis court holding a ball in one hand and a racket in the other.,34531,2l07e8ez
000000018766.jpg,control,The top portion of a bicycle is seen in front of a water fountain.,33515,h2b83pzr
000000005755.jpg,control,A blue Rite Aid shopping cart is parked on the curb behind a yellow fire hydrant.,45415,dtgbygwp
000000011034.jpg,time,A man sitting down and playing games with a boy sitting down.,21172,envlwttt
000000002400.jpg,time,A man sitting on a park bench with his dogs.,11019,95sdvazg
000000001053.jpg,time,People riding bikes around in a parking lot .,19297,fea1nho0
000000007524.jpg,time,A police officer stopped in front of a horse and its rider.,15483,fto4fhwq
000000003325.jpg,time,A vase from what looks like ancient Greece.,21275,2d9e0qz5
000000012109.jpg,time,A smart car sitting at a charging station.,15048,ig64g8fj
000000008305.jpg,essential,A group of male volleyball players in pink uniform look to the right. ,46389,3o61kz7a
000000002142.jpg,essential,An elderly Asian man with a baseball cap sits on a park bench. He is feeding a large group of pigeons. ,64917,mwdl1o15
000000000049.jpg,essential,Two people in costume attire each have a horse and they are posing for the camera.,74289,6lw3mlc4
000000009372.jpg,essential,An Asian bride and groom walk down the steps of a building with wedding guest cheering them on. ,37829,yirqctd8
000000003080.jpg,essential,An office building has a structure that looks like a clock in front of it. ,48323,p8f55bcz
000000010324.jpg,essential,"A refrigerator door full of food is open, revealing a puppy and its bed on top of the vegetable crisper. The puppy is looking at the camera.",52649,y48ov6nw
000000006579.jpg,time,A woman is handing a small child a white teddy bear.,50071,yke9if1u
000000006780.jpg,time,Several girls are on a grassy field while one girl is on her back.,17835,76jw4r79
000000007069.jpg,time,A man is standing in front of a phone booth holding a green frisbee.,13711,k8sazb8k
000000011567.jpg,time,A man is standing on a tennis court holding a raquet and a ball.,14046,gb6nne3i
000000018766.jpg,time,A closeup of a blue and red bike is shown with a large fountain behind it.,18599,s7khg7y3
000000005755.jpg,time,A blue shopping cart is on a street next to a yellow fire hydrant.,16655,hx5ei8ml
000000008305.jpg,comprehensive,three players in pink colour dress and ready to play volley ball,51026,2w4m8rid
000000002142.jpg,comprehensive,a man wearing black dress and white cap feeding some birds joyfully,35638,ie5lefqp
000000000049.jpg,comprehensive,black horse and white horse are riding with two men at the ground ,41519,1qjpvli3
000000009372.jpg,comprehensive,new married couples wearing white dress and having a bouquet with her,62734,qvaiwqcv
000000003080.jpg,comprehensive,beautiful mirror building having a clock and very nice looking on seeing two clocks,63871,jchph9dx
000000010324.jpg,comprehensive,refrigerator contains some more things which are eatables and the door is opened,44549,zc2jqvhx
000000011034.jpg,time,A man and a young boy are sitting on a blue couch playing video games.,30607,uvw5yga5
000000002400.jpg,time,"A bald man is sitting on a wooden bench holding leashes for two dogs.  One dog is sitting in front of him, the other dog is behind him.",36913,aywn507d
000000001053.jpg,time,A group of bicyclists are crossing a street in a line in front of a stopped car.,25926,sz2ma7dk
000000007524.jpg,time,A police officer on a horse is talking to a police officer who is standing on the street.,24366,7e9q98xu
000000003325.jpg,time,An artifact that looks like an old brown vase is on display in a case in a museum.,36673,amq5qur3
000000012109.jpg,time,A red smart car is parked on the side of the street next to a meter.,23479,9vptwu42
000000006579.jpg,comprehensive,A young white woman wearing a camouflage vest and a U.S. shoulder patch is facing a small group of people and speaking to a brown-skinned boy aged 2 to 3 who is holding a large stuffed animal. ,162864,902pdldo
000000006780.jpg,comprehensive,Young people in casual athletic clothing are playing a game on a large green field with trees in the background and twenty or so other people on the sidelines.  One female player has just fallen to the ground.,145227,imqu8njx
000000007069.jpg,comprehensive,A bearded white man in his late twenties is holding a frisbee near a sign for a disc golf station in an area with pine trees and shrubs.,111521,ohxtb5lz
000000011567.jpg,comprehensive,A man in casual athletic clothing is standing on a tennis court while holding a racket in one hand and a ball in the other.  Another ball is bouncing off the court.  The man is grimacing.,109565,75nruwo9
000000018766.jpg,comprehensive,A parked bicycle has an umbrella strapped to the top bar in an urban setting.  Rain is falling.,59332,16do4bam
000000005755.jpg,comprehensive,A Rite Aid shopping cart is on a grassy curb strip behind a fire hydrant.,42374,pkbn0r5a
000000008305.jpg,time,Three men are in line to receive rewards at a sports competition.,35660,5uuo7txc
000000002142.jpg,time,A man sits on a bench feeding a flock of pigeons.,26417,5cx3d3gq
000000000049.jpg,time,Two police officers are riding horses on the grass ,71515,a1f5a4zi
000000009372.jpg,time,The bride and groom exit the wedding to a crowd cheering them on.,66151,j8l49fu0
000000003080.jpg,time,A huge statue clock sits beautifully in front of the skyscraper,54134,mtrx59eb
000000010324.jpg,time,The refrigerator door is open and full of food.,60079,c54xnn0c
000000002415.jpg,essential,some men fetching a buffalo with a rope on the ground,27607,ufwldkya
000000011494.jpg,essential,people enjoying in the red colour bus with joyfully and the bus is covered with multi colour cloth,45943,6h4q6z8k
000000005213.jpg,essential,red colour motor bike is parked in the greenish garden,35326,r8hbck99
000000009172.jpg,essential,a clock is fitted at the top of the pillar and looks very beautifully,52263,qo686fmo
000000016308.jpg,essential,white colour dress weared lady is ready to play with a bat,49629,7c4ftpf6
000000004975.jpg,essential,some men in the coat near the court and a lady in black coat with umbrella,41377,rg0fvye6
000000008305.jpg,comprehensive,"Three men in pink uniforms are standing beside each other in a gym, each holding a purple and yellow striped ball.",39223,xzx9hkxx
000000002142.jpg,comprehensive,A smiling man is sitting on a park bench surrounded by pigeons as he feeds them.,61731,zzf9vogd
000000000049.jpg,comprehensive,A white horse and a black horse both rear up on their hind legs as fancily dressed people sit on their backs.,49379,mu1ts98b
000000009372.jpg,comprehensive,"A bride and groom descend an outdoor staircase that is lined by smiling people, some clapping and one taking pictures.",61738,p42o0is8
000000003080.jpg,comprehensive,A clock on a tower by a building shows the time as 3:23.,58744,q1gj18jt
000000010324.jpg,comprehensive,An open refrigerator door shines light into a dark room.,24706,lsf3ifxt
000000008305.jpg,essential,Three members of a volleyball team are standing on a blue court.  They are all wearing pink uniforms and holding a blue and yellow striped ball.,41116,40fs5x0a
000000002142.jpg,essential,"An older Asian man is sitting on a wooden park bench.  He is wearing a white hat with a red ""B"" on it and a black leather jacket.  He is feeding a large group of pigeons who have gathered around him.",58355,nz25mo82
000000000049.jpg,essential,Two men wearing blue and white costumes with large hats are riding horses in a park.  Both horses are standing on their hind legs.  One of the horses is black and the other horse is white.,54260,orqhaq63
000000009372.jpg,essential,A bride and groom are walking down the stairs with their friends and family lining both sides.  The bride and groom are both dressed in all white and holding hands.  The bride is also holding flowers.  The people around them are clapping and taking pictures.,57137,zxgpj6q8
000000003080.jpg,essential,A large analog clock sits on top of a building column in front of a tall office building with a lot windows.,42398,s0kcjlwz
000000010324.jpg,essential,"A refrigerator door has been left open and there is a dog sitting on a dog bed on the bottom shelf of the refrigerator.  The top shelves are filled food and drinks.  The lights in the kitchen are turned off, so that the refrigerator light is the only light in the room.",88633,t8ucnqn3
000000002415.jpg,comprehensive,The stubborn bull is being pulled upon by the men.,47078,v8at4iuk
000000011494.jpg,comprehensive,Gay pride is in full effect as people in the crowd cheer.,78319,5chod4tp
000000005213.jpg,comprehensive,The moped sits abandoned in front of a sign that says White Mountain National Forest,70119,dwv08vyf
000000009172.jpg,comprehensive,Barron trees overlap street signs and the Ellicott City clock.,70821,csp106dw
000000016308.jpg,comprehensive,Serena Williams smiles and holds her tennis racket.,31849,tp1m7tgp
000000004975.jpg,comprehensive,Graduation day commences as two women hold umbrellas.,74390,6xrl4ykv
000000011034.jpg,essential,An adult and a child hold video game controllers,51143,b7y2834v
000000002400.jpg,essential,A man sits on a bench with two dogs in the grass near him,33007,a2jgxggh
000000001053.jpg,essential,Five bicyclists cross the street at a stop light,40803,ow1uhc3k
000000007524.jpg,essential,One police officer rides a horse while another is on a motorcycle in the street,20573,pit6duy4
000000003325.jpg,essential,An ancient urn has artwork of horses and people on the side,35766,kp6y1pbp
000000012109.jpg,essential,A very short car is parked next to a parking meter,97065,4vzy57zd
000000011034.jpg,comprehensive,A man and a child are sitting on a blue couch holding a steering wheel video game controller.,31310,sfz9e0bu
000000002400.jpg,comprehensive,A man holding a camera is sitting on a wooden park bench with a brown and white dog in front of him and a black and white dog behind him.,37124,1ie41siv
000000001053.jpg,comprehensive,Give cyclists are crossing the street in front of a stopped gray vehicle.,37327,xgqohpln
000000007524.jpg,comprehensive,A police officer on a horse is next to a police officer on a motorcycle with a crowd of people behind them.,26831,dazz3czt
000000003325.jpg,comprehensive,People on a horse drawn carriage are seen on a vase which is displayed behind glass in a museum.,33783,bltkngav
000000012109.jpg,comprehensive,A red and black smart car is parked in front of a parking meter.,25683,tv0klclm
000000002415.jpg,time,A group of men stand outside by a cow that has a rope attached to it.,43303,cekvq0be
000000011494.jpg,time,A large group of people on the top of a double decker bus wave to people on the street.,53016,qzdmf4k8
000000005213.jpg,time,A red motorcycle is parked on the side of a road lined with foliage.,21279,egpyjpwv
000000009172.jpg,time,An outdoor clock sits in front of an overpass on a sunny day.,33935,rq5s6iiz
000000016308.jpg,time,A female tennis player holds her racket as she stands on the court.,26198,gqk0v44i
000000004975.jpg,time,Older adults in caps and gowns stand outside with one person holding a big umbrella.,40167,xiqh9l01
000000002415.jpg,control,Six men are in a grassy area with a residential building surrounded by a stone wall in the background.  The men are holding two ropes that are tied to a small shaggy yak or ox. ,139938,hpbtbgm5
000000011494.jpg,control,A double-decker bus with the label Dame Flora Robson is on a street. The upper level of the bus is full of people. The bus has a large rainbow flag on the side and a banner that reads LBGT and Friends Social Group.,101251,eeoumb0r
000000005213.jpg,control,A motorcycle is parked on the side of a road lined with trees with forested hills or mountains in the distance.  A sign on the side of the road reads White Mountain National Forest.,64458,gr1tm90t
000000009172.jpg,control,An old-fashioned tall clock and streetlight are on a cobblestone sidewalk. Above the clockface is a label reading Ellicott City.,128538,r2o1009c
000000016308.jpg,control,A black female tennis player in a white skirted playing outfit is standing on a grass court with spectactors and cameramen behind her.,99440,o8mxkm20
000000004975.jpg,control,Six people in formal academic clothing -- black robes and doctoral hoods -- are outside a brick building.  Some are holding umbrellas.,85281,qh1116ma
000000006579.jpg,comprehensive,A woman attempting to comfort a crying child holding a bear.,12506,c3g380ga
000000006780.jpg,comprehensive,A bunch of people playing sports on a large field.,10947,99ajrmni
000000007069.jpg,comprehensive,A man holding a Frisbee by a trail sign.,22144,oa267r15
000000011567.jpg,comprehensive,A male tennis player bouncing a ball in a court.,15339,0isqfaf0
000000018766.jpg,comprehensive,A bicycle with an umbrella attached to it sitting under an umbrella.,19967,vslgmlss
000000005755.jpg,comprehensive,A shopping cart parked along sign a fire hydrant. ,17895,38hjgh4d
000000011034.jpg,essential,The guys are narrowly focused on playing the video game.,79720,8igg2ahy
000000002400.jpg,essential,It is picture day for the two beautiful dogs and their owner.,57917,g8ed36z4
000000001053.jpg,essential,Five bikers are riding briskly across the street.,52075,krutao1n
000000007524.jpg,essential,Two police officers stop for a chat as a crowd lines up behind them. ,55647,7buvmt5v
000000003325.jpg,essential,The gorgeous vase sits on display in a museum.,50223,syxfit2t
000000012109.jpg,essential,A tiny car is parked directly in front the parking meter.,51552,xjfo2tdv
000000008305.jpg,time,Three men standing in a gym with pink uniforms on,69812,ootkru5h
000000002142.jpg,time,Man sitting on a bench covered with birds,37040,i0q6yd9w
000000000049.jpg,time,Two men in cowboy hats on horses in a fence ,59915,x7ltyxol
000000009372.jpg,time,Asian man and woman walking down stairs from a church in all white,73423,48s0o1uq
000000003080.jpg,time,Building with glass windows and a symbol of a clock on the front of the building,42080,zr8mtasi
000000010324.jpg,time,Refrigerator door open and a white dog sitting on one of the shelves,31736,vrprzftl
000000006579.jpg,control,A woman soldier is giving a white teddy bear stuff animal to a boy who appears to be very sad and distraught about something.,47135,8zoc1mnr
000000006780.jpg,control,"An asian femal soccer player is running on a soccer field while another female player is on the ground, evidently she had fallen down.",55033,7xid8n4q
000000007069.jpg,control,A man with a beard in his mid twenties wearing sunglasses is holding a frisbee. It appears that he is playing frisbee golf.,43411,j0hbyyqc
000000011567.jpg,control,A man is playing tennis during a tournament.,17463,814yn804
000000018766.jpg,control,A red umbrella is attached to a blue bicycle.,29926,hmzd88q5
000000005755.jpg,control,An empty grocery cart is sitting on a tree lawn next to a yellow fire hydrant.,34318,pb5z6bbj
000000006579.jpg,time,A soldier comforting a crying child in a crowd. ,29068,s198zi32
000000006780.jpg,time,"Females on a field playing a sport, one is on the ground. ",22303,w2nqrjyq
000000007069.jpg,time,"A man outdoors, holding a frisbee up next to a sign. ",30147,p2qx6g1x
000000011567.jpg,time,"A man on a tennis court, with a ball in one hand and a racket in the other. ",21895,ytqxjvay
000000018766.jpg,time,A bike next to a fountain with water pouring down. ,22387,owp66x5o
000000005755.jpg,time,A yellow fire hydrant next to an abandoned shopping cart. ,24421,v1lh4ioe
000000011034.jpg,comprehensive,A man and a boy are sitting down and playing a video game.,42385,j5rs74rt
000000002400.jpg,comprehensive,A man with a camera is sitting on a bench with two dogs sitting on the ground by him.,25116,lw3w9rcc
000000001053.jpg,comprehensive,A group of cyclist are riding across an intersection while a car waits.,22308,cfc6joiy
000000007524.jpg,comprehensive,A police officer on horseback talks to another police officer standing next to his motorcycle.,29443,o2tslsnh
000000003325.jpg,comprehensive,A Greek vase is displayed inside of a glass case.,34357,76rxcl0u
000000012109.jpg,comprehensive,A Smart car is parked next to a parking meter.,22908,xvw8z2fo
000000011034.jpg,comprehensive,An adult male and male child are playing a video game together.,23115,oeksrw9q
000000002400.jpg,comprehensive,A man sits on a park bench with two pet dogs close by.,16491,nr50e7qx
000000001053.jpg,comprehensive,Five people on bicycles cross the street while a car waits for them to pass.,16191,1f6w3fde
000000007524.jpg,comprehensive,A police officer on a motorbike speaks to another officer riding a horse.,15675,cuhqsi90
000000003325.jpg,comprehensive,"An elaborate, decorated vase in shades of brown, tan, and ivory sits in a clear display case.",31923,s9ja7q4r
000000012109.jpg,comprehensive,A very small red and black car is parked at the curb of a street.,18028,9z5xoqvf
000000011034.jpg,comprehensive,A man and a young boy are sitting on a couch playing video games,19797,mnfhalxs
000000002400.jpg,comprehensive,A man carrying a camera is sitting on a bench with 2 dogs on either side of him,24249,ia0bu0z8
000000001053.jpg,comprehensive,A small group of bikers are crossing a street while a car waits for them,19001,b9lgempp
000000007524.jpg,comprehensive,A woman sitting on a horse is talking to a man sitting on a motorcycle,28733,mzvrcm0z
000000003325.jpg,comprehensive,Brown vase or glass jar with images of people and horses on it,26462,hnozi3f6
000000012109.jpg,comprehensive,A small car is parked near a meter parking spot,26008,jec31rbm
000000011034.jpg,time,A man and a young boy are sitting on a couch holding video game controllers,35530,pl9hkxpb
000000002400.jpg,time,A man is sitting on a bench outside with 2 dogs near him,27578,jfl2si4z
000000001053.jpg,time,A group of cyclists are biking on a paved road,20281,2pwumuch
000000007524.jpg,time,A police officer on a horse is standing near an old fashioned car,27419,4xcjx6e5
000000003325.jpg,time,An old-looking vase is sitting in a display case,30139,9wxoglny
000000012109.jpg,time,A smart car is parked on the street next to a parking meter,18930,8nujxfzh
000000006579.jpg,comprehensive,A Military women asking quires from a small boy ,73399,n3xf50ab
000000006780.jpg,comprehensive,Young people playing games in a green park,62272,cj3bb94m
000000007069.jpg,comprehensive,A man wearing sunglass in a forest area and showing something to camera,90575,yh6xcnb9
000000011567.jpg,comprehensive,A tennis player in court with racket shows disappointed reaction ,148865,twd6hicd
000000018766.jpg,comprehensive,A Closeup shot of bicycle with an umbrella tied in it.  ,56319,g5ji5kqh
000000005755.jpg,comprehensive,close up shot of sewage water value and old trolley ,64048,afi0m0he
000000008305.jpg,comprehensive,"Three men wearing pink uniforms are walking across a gym, each carrying a volleyball. ",52373,eba08ktq
000000002142.jpg,comprehensive,A man sitting on a park bench is surrounded by hungry pigeons. ,23063,0bkn4q3q
000000000049.jpg,comprehensive,Two horses with riders are rearing high into the air on a specialized course. ,77565,lyat13fm
000000009372.jpg,comprehensive,A just married couple is greeted by a line of excited family members with cameras. ,73322,5a91fvao
000000003080.jpg,comprehensive,"A large metal watch face is situated on the side of a tall, thin building in a skyscraper city. ",137288,9ozzq4ok
000000010324.jpg,comprehensive,"A small dog is sitting on a bed, located inside of an open refrigerator. ",26992,nbn0hvvf
000000008305.jpg,essential,A men's team wearing pink uniforms are holding balls while standing on the sideline.,41754,bg0w7r8x
000000002142.jpg,essential,A man sits on a park bench surrounded by pigeons.,21600,rn7krypd
000000000049.jpg,essential,Two showmen are preforming tricks in an outdoor horse arena.,37318,zkeyfjsp
000000009372.jpg,essential,A bride and groom exit the venue surrounded by friends and family cheering them on.,32303,4ww6hjj9
000000003080.jpg,essential,An analog clock tower is outside of a building.,28435,dl2tjp3e
000000010324.jpg,essential,A dog is laying on his dog bed in an open refrigerator.,20475,wq3b7yla
000000002415.jpg,control,A group of men hold ropes to keep a cow from moving in a field.,64073,ufkljqx6
000000011494.jpg,control,People waving from a double decker bus that is decorated with a Pride flag.,26352,1ktx0f9e
000000005213.jpg,control,A motorcycle is parked on the side of a road beside the White Mountain National Park sign.,31003,ukcvhogl
000000009172.jpg,control,An analog clock is outside of a train terminal.,34970,5qglqahd
000000016308.jpg,control,A woman tennis player is on the court holding her racket looking off to the side.,28464,b8v26p7g
000000004975.jpg,control,A group of college graduates wait in line outside holding umbrellas.,30016,dfqwaor6
000000002415.jpg,time,A dog is about to jump over a little wall.,21471,as3risyf
000000011494.jpg,time,A Gay Pride parade with people celebrating on top of a bus adorned with a rainbow flag on the side.,58057,g73ti36l
000000005213.jpg,time,A motorcycle parked on the side of the road.,20476,0p8002as
000000009172.jpg,time,A clock on top of a pole in the middle of a city.,27648,110vs8cf
000000016308.jpg,time,Serena Williams is holding a racket down by her side during a tennis match.,37022,yc3xqf7j
000000004975.jpg,time,Graduation ceremony with everyone dressed in cap and gowns.,36926,10apshos
000000002415.jpg,comprehensive,A group of men holding strings that are tied to a horned animal. ,24291,r3fk426w
000000011494.jpg,comprehensive,"People on top of double decker bus waving, with LGBTQ+ sign and rainbow flag. ",36396,owc22arl
000000005213.jpg,comprehensive,A stationary motorcycles next to a sign of White Mountain National Forest. ,34670,cgwzgfqt
000000009172.jpg,comprehensive,An empty street sidewalk with a clock that says Elliott City and a bridge in the background. ,28817,qrtksxdk
000000016308.jpg,comprehensive,A woman tennis player on a tennis court as spectators watch. ,29932,y5swqxbm
000000004975.jpg,comprehensive,"People dressed in graduation robes, two hold umbrellas and one smiles at the camera. ",26301,umjrxhmt
000000006579.jpg,comprehensive,"A boy is holding a stuffed animal with a soldier nearby, and the boy is visually disturbed and upset.",33150,c1jmemu2
000000006780.jpg,comprehensive,A woman is on the ground after taking an injury in a soccer game.,15217,clhjdyg3
000000007069.jpg,comprehensive,A man is posing for the camera while holding up a frisbee golf disc.,15766,zxj312d1
000000011567.jpg,comprehensive,"The tennis player is holding a racket and ball, and is getting ready to serve.",24389,98umzwoq
000000018766.jpg,comprehensive,An umbrella is attached to a bike in the bar below the seat.,26465,lub2q0b5
000000005755.jpg,comprehensive,"A rusty old, blue shopping card sits next to a yellow fire hydrant.",24521,k7otnzyy
000000008305.jpg,essential,Three men in matching uniforms are standing in a gym holding volleyballs,44567,4wu4a6kb
000000002142.jpg,essential,A man is sitting on a bench outside surrounded by a flock of pigeons,31891,2trhwo5u
000000000049.jpg,essential,Two horses have their front legs raised in the air on a green field. The riders are wearing elaborate outfits,88009,wbuklyi9
000000009372.jpg,essential,A man in a suit and a woman in a wedding dress walk out a door past a group of people who are clapping and taking pictures,43020,pts5t428
000000003080.jpg,essential,A modern-looking clock tower stands near a building. The clock is analog and it reads 3:22,119189,16v611lj
000000010324.jpg,essential,A small white dog is sitting on a dog bed on the bottom shelf of a refrigerator with door open,44965,can87c0p
000000008305.jpg,time,Basket ball players holding ball in the game field.,99829,ox3owxyp
000000002142.jpg,time,A person sitting on a bench in an open area is feeding the birds ,41109,gead3mik
000000000049.jpg,time,Horse riders are riding their horses and the people are watching them.,46023,7onhejdz
000000009372.jpg,time,A wedding ceremony where the bride and the groom are dressed in white and are witnessed by the guests,70111,kimmry4t
000000003080.jpg,time,A building with glass windows and a clocktower showing the time.,34727,bsv9ksfy
000000010324.jpg,time,An open refrigerator with lots of items in it.,38114,tyvygtmg
000000011034.jpg,comprehensive,A young boy and a man are sitting on a blur couch playing a video game with white controllers.,30552,7741nxz5
000000002400.jpg,comprehensive,A man is sitting outside on a bench with 2 dogs sitting nearby.,59277,16ph1u5o
000000001053.jpg,comprehensive,A silver car is stopped waiting for 5 cyclists to cross the road.,36108,5zuyqg8d
000000007524.jpg,comprehensive,A police officer is on a horse while speaker to another police officer a motorcycle with a crowd of people in the background.,53640,9gj78vot
000000003325.jpg,comprehensive,A brown vase with painted images of people and horses is behind glass at a museum.,38298,6nprkg2a
000000012109.jpg,comprehensive,A tiny red and black car is parked on the street next to a parking meter.,38419,ohzf5qhi
000000006579.jpg,time,A solider is talking to a little boy holding a stuffed animal.,26766,5xupdwbj
000000006780.jpg,time,A female player has fallen to the ground holding a ball.,27702,7qp0puat
000000007069.jpg,time,A man wearing sunglasses is holding a yellow disc while waiting beside a sign.,26433,w40q8wv1
000000011567.jpg,time,A tennis player is holding his racket beside him as he squints his face.,27435,6azkm91m
000000018766.jpg,time,A bike is parked outside while it is raining.,21291,l1yvllnz
000000005755.jpg,time,A blue shopping cart is parked beside a yellow fire hydrant.,22730,pybl1bdh
000000011034.jpg,essential,A man and child seated with video game controllers in their hands. ,21139,plz54f7g
000000002400.jpg,essential,A man with a camera seated on a bench with two dogs. ,32222,4czw2za2
000000001053.jpg,essential,"Five people on bike crossing the street, while a car waits at a ride light. ",22842,f216btyu
000000007524.jpg,essential,A cop on a horse and a cop on a motorcycle wait as spectators on the sidewalk watch the street. ,40980,645qjz55
000000003325.jpg,essential,A Grecian urn in a display case at a museum. ,21934,jh11vndg
000000012109.jpg,essential,A smart car parallel parked on a road next to a parking meter. ,25629,yzkrls6t
000000011034.jpg,time,Dog jumping over the hurdle in a grass field,37707,1ksuct2s
000000002400.jpg,time,Man is sitting on a bench with two dogs,61374,uxypl9p4
000000001053.jpg,time,Five cyclists are crossing a road over the signal,180223,834bjlet
000000007524.jpg,time,Brown horse is standing in the middle of the road,40167,gel8afji
000000003325.jpg,time,Brown-colored vase with beautiful design is placed on a table,49271,idkr1f4i
000000012109.jpg,time,Red car is parked near a parking meter,60215,qy263u22
000000008305.jpg,control,Three men in pink uniforms are each holding a yellow and purple ball.,49527,of3tviab
000000002142.jpg,control,A man sitting and smiling on a park bench while feeding dozens of pigeons.,27503,inhtvgj7
000000000049.jpg,control,Two people are riding horses that are both standing on their two back legs.,36203,b3xz4xfx
000000009372.jpg,control,A bride and groom are walking out of a building with guests looking on.,36571,t1iwfnlm
000000003080.jpg,control,An office building with a little clock tower in front.,37192,v9bw5cdd
000000010324.jpg,control,A dog laying on a bed on the bottom shelf of a refrigerator.,26831,nqt0425v
000000008305.jpg,comprehensive,3 men each holding volley balls in their hands.,60562,2ryxs3zy
000000002142.jpg,comprehensive,An Asian man sitting on a park bench which is surrounded by pigeons.,41190,2a7ozyyg
000000000049.jpg,comprehensive,Two trick riders on horses engaged with both horses standing on only their back legs.,83592,v3c8ywv1
000000009372.jpg,comprehensive,An Asian Bride and Groom standing on the steps wearing their bridal outfits with guests on either side of them. ,70970,z4tkul5z
000000003080.jpg,comprehensive,"Glass building with a round clock showing the time of 3:22 and the works on the building of SIGEMAN & CO,  Tragardh, valea.",79333,xfi3ln1x
000000010324.jpg,comprehensive,Four open shelves of a refrigerator of an opened refrigerator with the bottom shelf holding a dog bed and a poodle laying atop of it with only the light from the refrigerator on. ,153150,ohxphwzl
000000006579.jpg,essential,A soldier speaks with a scared young child in the midst of a crowd of people.,50989,27h91bvo
000000006780.jpg,essential,Two teams play frisbee in a park meadow while onlookers watch from the sidelines.,62002,23afz2hz
000000007069.jpg,essential,A man holds a frisbee next to a sign on the twelfth hole of a frisbee course.,69453,oegoypzu
000000011567.jpg,essential,A tennis player holding a racket and ball looks up towards the opposite end of the court.,37741,wuhu13sq
000000018766.jpg,essential,A bike with an umbrella strapped to the frame sits next to a splashing fountain.,49179,q5r60iik
000000005755.jpg,essential,A lone shopping cart sits next to a yellow fire hydrant.,52343,55afq7s2
000000008305.jpg,essential,Three male volleyball players each hold a ball during warmups,44502,18j2zq0w
000000002142.jpg,essential,An older man sitting on a bench outside is surrounded by birds,44328,ady2x9e0
000000000049.jpg,essential,Two horses stand on their hind legs while their riders wear time-period outfits,56047,yepfsgpn
000000009372.jpg,essential,A bride and groom dressed in white are walking down the steps,41014,ws5ft8gl
000000003080.jpg,essential,A clock without numbers is in front of a corporate building,61936,zpgbqt8w
000000010324.jpg,essential,A dog is resting on a pillow inside of an open refrigerator,28391,40ppjmgf
000000008305.jpg,time,"Three male athletes, wearing pink uniforms are standing together in a gym.",37903,d5thwimi
000000002142.jpg,time,A person dressed in black is sitting on a park bench surrounded be dozens of pigeons.,36215,jq712n1y
000000000049.jpg,time,"Two horses are performing on a grassy field, rising up together on their back legs.",47473,5mbip1s9
000000009372.jpg,time,"An Asian couple, dressed in white clothing, just got married and walking down a stairway, lined with well wishers.",76648,r1a2ucqw
000000003080.jpg,time,A large clock is hanging on the outside of a business tower.,144313,k2uw3nsb
000000010324.jpg,time,"A refrigerator door is open, revealing the lighted inside and it's contents.",81287,jmgnxmcr
000000002415.jpg,essential,A group of men are holding rope that is tied to an animal.,66440,a8edcval
000000011494.jpg,essential,A group of people are at the top of a double decker bus that has a Pride flag on the side of it and are driving by a large amount of people.,95121,q14gogt8
000000005213.jpg,essential,A motorcycle is parked on the side of the road near a national forest sign.,40355,kmsoh949
000000009172.jpg,essential,A big clock is next to a lamppost on the sidewalk with a bridge behind it.,59797,md5168j7
000000016308.jpg,essential,A tennis player is holding a tennis racquet and is standing on the court in front of spectators.,55841,vtx9cwkp
000000004975.jpg,essential,Two people hold umbrellas near a group of people in caps and gowns outside of a building.,88474,nfztq0w6
000000011034.jpg,essential,An older man and a child are both holding a steering wheel controller of a video game while sitting on a blue couch.,39601,f7uu42hi
000000002400.jpg,essential,A man sitting on a wooden park bench with a brown and white dog in front of him and a black and white dog sitting behind the bench.,39191,i9ko2uk3
000000001053.jpg,essential,Five bicyclists are riding across a wet one way street.,36448,ev2b11k7
000000007524.jpg,essential,One police officer is on top of a horse while the other is sitting on a motorcycle.,63638,buszlz8n
000000003325.jpg,essential,An ancient vase with a horse drawn carriage on it is behind glass in a museum.,38521,xcymlvet
000000012109.jpg,essential,A red smart car is parked in front of a parking meter.,29767,6qup7x3d
000000011034.jpg,essential,A man and his child are in a living room playing a video game.,29706,gu3br58t
000000002400.jpg,essential,A happy man sits on a bench outside with his two dogs.,27024,rqsz3j6q
000000001053.jpg,essential,Five people on bikes cross the road in front of a car.,24769,zlj0k6i7
000000007524.jpg,essential,A police officer on a horse chats with another police office on a motorcycle.,29563,944vtxug
000000003325.jpg,essential,An ancient vase adorned with a chariot and people sits in a protective glass case in a museum.,48657,xzmxqk7z
000000012109.jpg,essential,A small red car is parked by an electric vehicle charging station on a city street.,32590,afv5lyzp
000000006579.jpg,time,A man is giving a small child a stuffed animal. ,40661,tnk2b7zz
000000006780.jpg,time,A group of people are playing ultimate frisbee and a woman is laying on the ground. ,36242,5igsvywz
000000007069.jpg,time,A man wearing sunglasses is standing next to a sign holding a frisbee. ,23798,mfma4t3i
000000011567.jpg,time,A man is holding a tennis rackets standing on a tennis court with tennis balls on the ground. ,38665,gup92pta
000000018766.jpg,time,"A bike is next to a large circular object, like a table top and it appears to be raining or just rained. ",36230,mw7rptpv
000000005755.jpg,time,A shopping cart is next to a fire hydrant. ,16036,2zponvrq
000000008305.jpg,control,Three men stand on an indoor court each holding a volleyball in their hands.,61555,rx7wkt4m
000000002142.jpg,control,A man sits on a park bench feeding a large group of pigeons surrounding him.,68743,qkizgfbb
000000000049.jpg,control,Two uniformed riders pull up on their horses in the middle of an equestrian course.,126085,zcw31gma
000000009372.jpg,control,A bride and groom leave down the steps of a church as onlookers clap and take photos.,62417,tw46jzf3
000000003080.jpg,control,A freestanding clock sits outside of a large office building.,73476,88xkaryx
000000010324.jpg,control,An open refrigerator door reveals a dog sitting on a pillow on the bottom shelf.,51550,tf2o061w
000000011034.jpg,comprehensive,A man and a young child are sitting in a living room playing a Wii game. ,25897,2vt2z2v9
000000002400.jpg,comprehensive,A man is sitting on a rustic wooden bench in a woodsy area with two large dogs. ,33290,xge5f0f9
000000001053.jpg,comprehensive,A group of 5 bicyclists are crossing a the street at a cross rock while a silver car waits.   ,71431,cvgmtjye
000000007524.jpg,comprehensive,A cop on a horse talks to a cop on a motorcycle near a group of people at in intersection.  ,75741,imqva4uv
000000003325.jpg,comprehensive,A brown urn with a horse pulling a cart painted on it in a museum with people in the background looking at different items in the museum.  ,127139,ggak9l25
000000012109.jpg,comprehensive,A small eco-friendly car parked next to a parking meter. ,26675,2wnniokp
000000002415.jpg,time,A group of men have an animal to help with labor,41070,cy3n3r0x
000000011494.jpg,time,A rainbow flag hangs over the edge of a double-deck bus,35908,o2bbicld
000000005213.jpg,time,A motorcycle is on the road near a forest area,33196,gt1uovf0
000000009172.jpg,time,A clock stands in front of a well-constructed arch,30666,kvrpt8lw
000000016308.jpg,time,A professional female tennis player stands on the court with her racket,48240,bif92skc
000000004975.jpg,time,A woman in a group of people politely smiles while holding an umbrella over her head,32450,6iaspce3
000000008305.jpg,comprehensive,"Three men inside a gymnasium wearing light pink sports jerseys and shorts are each holding a yellow and blue striped ball, looking toward the other side of the gym.",167417,qmsmwksf
000000002142.jpg,comprehensive,"An elderly gentleman is sitting on a wooden bench in a park, surrounded by a large flock of pigeons, who are eating food he has thrown on the ground for them.",74836,uwxfl31v
000000000049.jpg,comprehensive,"One dark colored horse and one white horse, each being ridden by a man in a white and blue costume, are both rearing up on their hind legs on a bright green lawn.",94703,a5k3sg3m
000000009372.jpg,comprehensive,"The bride and groom, both dressed in all white, are exiting the wedding venue onto the outside stairs, surrounded by people on both sides of the steps who are taking pictures and clapping for them.",64548,9xwgyooe
000000003080.jpg,comprehensive,"An all-metal clock face with no numbers on it, is on the side of a tall building, and is showing a time of 3:22 in the afternoon.",86797,w3zvvnjc
000000010324.jpg,comprehensive,"In a dark kitchen, a refrigerator door is open with the light on inside of it, showing the crowded contents, but a small dog in a bed on the lowest shelf, looking out at the kitchen.",71220,1eqhdtfe
000000008305.jpg,control,Three men in pink uniforms holding a blue and green volley balls look into the distance. ,75460,1n5fiiqb
000000002142.jpg,control,A man sitting on a bench with a baseball hat surrounded by pigeons. ,41431,zzx7dx12
000000000049.jpg,control,A black and white horse on their hind legs each with a person in a white outfit and hat on a large grass field with equestrian equipment in the background. ,115067,cpy8subk
000000009372.jpg,control,"A couple in wedding attire walks out of a building surrounded bhy people, some of whom have cameras. ",34378,4ykyovt6
000000003080.jpg,control,An office building with a clock tower in front showing the time of 3:22 PM since their is daylight. ,91256,83xysznb
000000010324.jpg,control,A side by side fridge with the right refrigerator door open and the light on in a dark kitchen.  ,47106,8rt3pgam
000000011034.jpg,time,A man and child sit on a couch together.,33641,e3qyz1l7
000000002400.jpg,time,A man sits on a park bench with two large dogs sitting on either side of the bench.,50460,nwnpaqpz
000000001053.jpg,time,Bike riders form up in a line in a small parking area.,41864,4qtr8qdf
000000007524.jpg,time,Policemen on a horse and a motorcycle sit in front of people lined up on the side of the road.,53718,en0qsenc
000000003325.jpg,time,An ancient urn sits in a glass case in the middle of a gallery.,38104,luxyyjrk
000000012109.jpg,time,A small car is parked on the street next to a meter.,47416,azygyyad
000000002415.jpg,comprehensive,Men surround an ox tethered by ropes in a field surrounded by stone houses.,62571,akq7j10p
000000011494.jpg,comprehensive,People wave from the top of a double decker bus to onlookers lined up along the road.,82928,m3f7uzn7
000000005213.jpg,comprehensive,A lone motorcycle sits parked on the side of a country road.,23665,me99cvp4
000000009172.jpg,comprehensive,A freestanding clock sits near a metal bridge on a clear sunny day.,64619,jlxaoeyq
000000016308.jpg,comprehensive,A female tennis player stands on a grass court as fans watch on from the stands.,40722,kenpjlj3
000000004975.jpg,comprehensive,People wearing graduation robes stand outside a large brick building in the rain.,43984,k4j4c5dc
000000011034.jpg,essential,An Adult and a young boy holding gaming tools seated on the couch in living room.,288742,p6fl6gqc
000000002400.jpg,essential,Person with two dogs is sitting on a bench with a camera.,41383,0187a0xi
000000001053.jpg,essential,Five bicycle riders wearing helmets with  are crossing the road.,94999,evhxyzne
000000007524.jpg,essential,A policemen on a bike and a girl on the horse are on the road.,124367,nfuvjmvu
000000003325.jpg,essential,A vase with some ancient paintings on it is inside  a glass chamber.,53471,ziv34ahf
000000012109.jpg,essential,A small car is parked near a petrol station.,23840,bjraa6ox
000000011034.jpg,essential,A man and a boy are sitting on a char in a living room holding game controllers,59966,fgkh5zls
000000002400.jpg,essential,A man holding a camera is sitting on a park bench outdoors with two dogs,43448,0087831n
000000001053.jpg,essential,A group of bicyclists are crossing a street,42871,zkdk33jh
000000007524.jpg,essential,A couple of police officers are stopped on a street near a crowed. One is on horseback and the other is on a motorcycle.,86814,gpn6b831
000000003325.jpg,essential,An ancient vase on display in a museum. The painting on the vase displays a few people on a chariot with horses.,42622,l3c6ypfq
000000012109.jpg,essential,A small electric car is parked on the side of the street next to a parking meter.,27775,vf52bryq
000000011034.jpg,control,The man and his son sitting in the sofa playing video games.,82873,8ugtpjgb
000000002400.jpg,control,A photographer took photo with dogs in the park.,32365,c5ty50m0
000000001053.jpg,control,Number of bicyclists cross the road in bicycle.,71070,f47duko3
000000007524.jpg,control,A girl sitting on the horse and police man watching her.,26472,zbo4k88x
000000003325.jpg,control,An artistic pot showcase in the museum for people.,51830,n1w94ec2
000000012109.jpg,control,A red with black color nano car stop in front of petrol punk.,42166,ub5owkd4
000000008305.jpg,comprehensive,A group of friends playing volley ball in a tournament,95756,k21wbuiv
000000002142.jpg,comprehensive,An old man feeding food to a number of birds,103840,05ydce15
000000000049.jpg,comprehensive,Two men with two horses practicing for race,163693,ldiygq0h
000000009372.jpg,comprehensive,A married couple came out from wedding hall,39758,f87c9n67
000000003080.jpg,comprehensive,In a outside building there is clock it shows the time,94415,iu2oryj1
000000010324.jpg,comprehensive,A cute little dog  is laying on the open refrigerator,57871,ijikjui1
000000006579.jpg,comprehensive,A group of people including a female soldier surround a boy holding a toy.,70044,n6wod17m
000000006780.jpg,comprehensive,A group of players playing in a field while other people are watching them.,37602,82yy8tyw
000000007069.jpg,comprehensive,A man with frisbee is standing near a advertisement board.,45416,hlym5owp
000000011567.jpg,comprehensive,A badminton player holding a racket and a ball is in badminton field.,45579,2yqlyt8n
000000018766.jpg,comprehensive,A blue bicycle on which an umbrella is tied.,54325,7k73ib1k
000000005755.jpg,comprehensive,A blue trolly basket is placed near a fire extinguisher.,57764,o6y4uh1v
000000011034.jpg,essential,A boy and a man sitting on a couch playing a game on the Wii system in their living room. A fish tank is behind them.,45032,vyeejygq
000000002400.jpg,essential,Two dogs are sitting by a bench that a bald man is sitting on. He is holding a camera.,23591,wqzfrjyg
000000001053.jpg,essential,5 people riding bicycles are crossing a road with helmets on.,27931,zjgppmk9
000000007524.jpg,essential,"Two police offers are talking to each other, one of which is on a motorcycle, while the other is on a horse.",21987,nlck6m0b
000000003325.jpg,essential,An ancient vase is sitting a clear glass case with other objects behind it.,47447,65jjh73e
000000012109.jpg,essential,A small red smart car is parked next to a parking meter.,15086,w3tb03j4
000000002415.jpg,comprehensive,A group of men have tied rope around an animal and are holding the ends of the rope.,48785,2o1gtrw7
000000011494.jpg,comprehensive,People are standing on top of an open top bus waving at a crowd.,20496,tvhm1kdh
000000005213.jpg,comprehensive,A motorbike is parked at the side of the road in the countryside.,18496,kj9nxoh6
000000009172.jpg,comprehensive,A tall clock is in the middle of a courtyard,30078,nr10al69
000000016308.jpg,comprehensive,A tennis player is standing on a tennis court while a crowd watches her,17944,rxgfjrvg
000000004975.jpg,comprehensive,People in robes and hats are standing in line waiting to attend a ceremony,41947,4d0w4urm
000000011034.jpg,essential,A man and a boy playing a video game in the living room,25205,ah7cnacg
000000002400.jpg,essential,A man sitting on a park bench with two dogs sitting in the grass,21601,7pxmi28b
000000001053.jpg,essential,Five cyclists riding across the street at a traffic light,27691,t1uvyzy4
000000007524.jpg,essential,A horseback cop and a motorcycle cop talking in the middle of the streeet,28001,y80c7v5f
000000003325.jpg,essential,A brown pottery item with paintings of people and horses on it,23751,z20goq22
000000012109.jpg,essential,A small red car parked in front of a parking meter on the street,38020,gjnk3041
000000008305.jpg,essential,A group of men holding balls and wearing pink uniforms in a gym.,22965,w5d8qlz2
000000002142.jpg,essential,A man is sitting on a bench and is feeding birds in the park.,11338,2qxhcumb
000000000049.jpg,essential,2 men wearing rustic attire are riding horses that are rearing back in a field.,17857,4bnuvxph
000000009372.jpg,essential,A man and wife who are in a marriage ceremony walk out of a building with many spectators.,19301,nps5rqc8
000000003080.jpg,essential,A clock tower made of brick stands in front of a large city building.,13800,rmi17cxu
000000010324.jpg,essential,"A refrigerator door is open and filled with items, on one shelf a dog lays down on a pillow.",18356,hu3fh214
000000006579.jpg,comprehensive,A military woman talking to a child holding a stuffed animal toy,24257,s4uf8bc5
000000006780.jpg,comprehensive,"Several people on a field, and playing a sports game",27895,gsacry90
000000007069.jpg,comprehensive,A man with a yellow round item standing next to a sign,33120,impvkfhu
000000011567.jpg,comprehensive,"A man with a lawn tennis racket and holding a tennis ball, making a face",28115,iqmpa9iy
000000018766.jpg,comprehensive,A blue bicycle with a red umbrella strapped to its side,21376,acqwjxb3
000000005755.jpg,comprehensive,A yellow fire hydrant next to a blue rite aid shopping cart,16751,bwb08nhn
000000008305.jpg,comprehensive,Three players hold the ball with their hands in the basket ball ground.,59443,ngisjm78
000000002142.jpg,comprehensive,An old man feed the food to the number of Doves.,39965,vlxqijrb
000000000049.jpg,comprehensive,Two horse riders riding on the black and white horse.,61071,jcs69tdu
000000009372.jpg,comprehensive,A wedding couple walk in front of wedding hall.,58327,mbx2ot0y
000000003080.jpg,comprehensive,A clock place in front of the building in height.,42421,qhc4hpg7
000000010324.jpg,comprehensive,A refrigerator open and a dog lay down in the  refrigerator.,53768,isr2f75u
000000006579.jpg,control,A child cries as an American military member talks to him,41864,bus437u5
000000006780.jpg,control,A mixed group plays ultimate frisbee in the grass,36151,3d1nn53d
000000007069.jpg,control,A man holding a frisbee stands near a disc golf course sign,29464,fnzie3ui
000000011567.jpg,control,A pro tennis player has a grimace on his face,25159,ua369bq3
000000018766.jpg,control,An umbrella is tethered to the middle of a bicycle,24920,3wurn4in
000000005755.jpg,control,A shopping cart rests on grass near a fire hydrant,26903,ktfotyzv
000000006579.jpg,time,Some soldiers are trying to comfort a child who is holding a stuffed animal.,41660,lesfht4l
000000006780.jpg,time,A team of women are practicing athletics on a green field.,40096,8xpgxiim
000000007069.jpg,time,A man is standing in front of a sign near a wooded area and holding a frisbee.,34039,1d8e7r74
000000011567.jpg,time,A tennis player is standing on the court with a pained expression on his face.,45625,yuu7x2i5
000000018766.jpg,time,A bicycle is outside in front of a large cement structure and it is raining.,24694,hoal4jqu
000000005755.jpg,time,A blue shopping cart is next to a yellow fire hydrant on the side of the road.,37307,501ealus
000000008305.jpg,essential,Three men in pink uniforms hold volleyballs in a volleyball court with advertisements behind them.,21955,ghwg4i20
000000002142.jpg,essential,A man sits on a park bench while feeding a large group of pigeons.,13938,nnf6jnz8
000000000049.jpg,essential,Two men ride horses with the horses' two front legs in the air.,21591,h9bqf6p9
000000009372.jpg,essential,A man and a woman in white wedding attire go down steps with people on each side looking at them.,30100,m84zimce
000000003080.jpg,essential,A modern looking clock with notches is on a brick pillar in front of a large building.,27558,485q6xqo
000000010324.jpg,essential,A fridge with two doors has one door open to display its full contents.,14594,m7csi24m
000000011034.jpg,comprehensive,An adult male and child play with remote control steering wheels in a room,33306,0pemmo9z
000000002400.jpg,comprehensive,A man sits outside on a bench with two dogs lying in the grass,16774,k6g0mwcg
000000001053.jpg,comprehensive,Bicyclists cross the street in front of a vehicle.,34839,pecpxe7i
000000007524.jpg,comprehensive,A police officer on a horse waits near a bike cop.,17836,cxth49oc
000000003325.jpg,comprehensive,An ancient pot in a museum has artwork of a chariot on the outside,43090,n3rtzdbf
000000012109.jpg,comprehensive,A very small car rests on the street next to a parking meter,28904,14kfgc6z
000000006579.jpg,control,"A child is crying and a military person gave the child a teddy bear and s talking to the child, trying to sooth him.",44593,m3r8erli
000000006780.jpg,control,"On a sunny day, there are teenagers playing in the park, running and having fun.",27545,5gflf177
000000007069.jpg,control,In the park there are a lot of trees and a man is standing with a yellow frisbee looking at the frisbee golf course.,42322,ipyr1nk9
000000011567.jpg,control,A male tennis player is standing on a blue clay court holding his raquet and tennis ball.,29477,4yq6vwy6
000000018766.jpg,control,A bicycle is in the rain and it has an umbrella attached to the frame.,30072,qf8u89go
000000005755.jpg,control,On a street there is a yellow fire hydrant with a blue Rite Aid shopping cart next to it.,22064,u1kxyenq
000000006579.jpg,essential,A boy child crying and he hold the toy with his hand. A police officer talk to him.,58274,a5dvp3di
000000006780.jpg,essential,Number of people playing and relaxing in the park.,34405,c45nrq7e
000000007069.jpg,essential,A man hold yellow color plate and stand in front of the advertisement board.,56696,2zem8au1
000000011567.jpg,essential,A tennis player hold a bat and ball with his hand.,48317,4tgqy81x
000000018766.jpg,essential,A bicycle standing in the street and rain is wet the bicycle.,98799,4vsqv1mv
000000005755.jpg,essential,A yellow color fire hydrant place in the street.,33934,ep817nig
000000008305.jpg,control,"Three men in pink outfits, each standing with a ball in their hands",29931,qgqjyoeh
000000002142.jpg,control,A man sitting on a park bench and feeding many pigeons,18859,aa91cqqd
000000000049.jpg,control,Two men in ceremonial outfits riding horses standing on their hind legs,30883,xy18mv39
000000009372.jpg,control,"A newly wed couple waling out of a building, with well wishers on their sides",23355,89o2r4l5
000000003080.jpg,control,A clock on a glass building showing the time of day,31771,xv1teg7u
000000010324.jpg,control,"A fridge in a dark kitchen with the door open, showing a dog relaxing in it",30174,k589mrr7
000000002415.jpg,control,A group of people are pulling a yak tied with ropes.,44308,fsdd8h94
000000011494.jpg,control,A group of people standing on a double decker open bus are weaving their hands.,87708,zplmz96q
000000005213.jpg,control,A bike is parked on the right side of the road near a forest. ,77639,qslv8xpf
000000009172.jpg,control,A lane having a clock tower and a street lamp is followed by an over head bridge.,129672,lhqjvsok
000000016308.jpg,control,A badminton player holding a racket in the field was watched by the people in the stadium.,55605,hzceayb5
000000004975.jpg,control,A group of people including two women holding umbrellas are standing outside a building. ,100600,vexwojyq
000000006579.jpg,comprehensive,A little boy holding a teddy bear looks scared of a woman soldier who is talking to him.,14399,94tjk9g0
000000006780.jpg,comprehensive,A girl with a frisbee is laying on the ground as others from both teams run up to her.,21618,hhihpa2d
000000007069.jpg,comprehensive,A man is holding a yellow frisbee near a marker that says 12 for a disc golf course.,14874,efbjq95r
000000011567.jpg,comprehensive,A man is holding a tennis ball in his right hand and racket in his left while showing a funny face.,18795,p0wtivo2
000000018766.jpg,comprehensive,An umbrella is attached to the side of a bicycle near a fountain.,16196,0elnulnk
000000005755.jpg,comprehensive,A yellow hydrant sits on a patch of grass near a shopping cart.,12826,rj5lmfr2
000000011034.jpg,control,A man and a boy are on the couch playing a video game.,44923,sgyiae6o
000000002400.jpg,control,A man holding a camera sits on a bench with his dogs sitting near him.,57254,s9xw1n0s
000000001053.jpg,control,Five cyclist ride their bikes across the intersection as traffic is stopped.,34151,5ouheyif
000000007524.jpg,control,A police woman on a horse and a police man on a motorcycle are posted near a crowd.,46882,ycmkdik4
000000003325.jpg,control,An ancient type vase sits on display in a glass case.,29463,crrwp650
000000012109.jpg,control,A red smart car is parked on the side of the road next to a parking meter machine.,33644,y02kx6w9
000000006579.jpg,time,A little boy is standing among several people while a woman wearing a stethoscope holds up a stuffed animal to him.,27622,nimqjqbk
000000006780.jpg,time,Several girls are playing on a grassy field while on girl is on the ground on her back.,19754,ds2cbj13
000000007069.jpg,time,A man wearing sunglasses is standing outside next to a phone booth while holding a yellow frisbee.,25056,0jlaq117
000000011567.jpg,time,A tennis player is standing on a tennis court holding a racket with his eyes closed.,18664,ckc3yf5s
000000018766.jpg,time,A blue and red bike is being shown closeup with a water fountain in the background.,18136,3bqttebb
000000005755.jpg,time,An empty shopping cart is next to a yellow fire hydrant on the street.,23532,p8b2ajjx
000000002415.jpg,time,A group of people hold a rope of a cow in a grassy field.,15236,j0xmshit
000000011494.jpg,time,"A group of people are in a double decker bus going down the street, with a pride flag draped on it.",22725,r94jaemy
000000005213.jpg,time,A motorcycle sits on the side of a quiet road with grass on the side.,17464,afcjg2qg
000000009172.jpg,time,An old fashioned looking clock on a pole stands on a street.,15672,iab34hm1
000000016308.jpg,time,A woman holding a tennis racket stands on a court in front of a crowd.,13927,yppohgy2
000000004975.jpg,time,A group of people in graduation caps and gowns stands around with some holding umbrellas.,19151,yzis3clk
000000006579.jpg,comprehensive,A women is talking to a child holding a stuffed animal.,58416,3xk12dyn
000000006780.jpg,comprehensive,A group of people are playing a sports game.,45924,v3yzov6j
000000007069.jpg,comprehensive,A man in a cap is holding a throwing disc in front of a sign.,26601,adsfbrf2
000000011567.jpg,comprehensive,A man grimaces while playing a game of tennis.,30523,qqmxko1u
000000018766.jpg,comprehensive,An umbrella is strapped to the frame of a street bicycle.,40166,rmdivklx
000000005755.jpg,comprehensive,A fire hydrant sits in front of an old shopping cart.,53310,b13kpujs
000000008305.jpg,control,Three men wearing pink shirts are standing in a gym holding blue and yellow volleyballs.,25180,696zyn9x
000000002142.jpg,control,A man wearing a baseball cap is sitting on a bench while several pigeons surround him.,18860,17mahafm
000000000049.jpg,control,A black horse and a white horse are standing on their rear legs while two people are on their backs.,23593,9u8gxhby
000000009372.jpg,control,A bride and a groom are exiting a church while several people watch.,13815,85wssv5o
000000003080.jpg,control,A large clock on the side of a building reads 3:23.,16944,3ldrahnw
000000010324.jpg,control,A side by side refrigerator door is open and a dog is sitting inside of it on a dog bed.,16511,a1qvmqag
000000002415.jpg,essential,Several men are holding leashes that are attached to a large gray cow.,19122,80kgziby
000000011494.jpg,essential,Several people are on top of a double decker bus that has a large rainbow flag draped over it.,17023,6tlvseoo
000000005213.jpg,essential,A red motorcycle is parked next to a sign that says White Mountain National Forest.,14655,4r988sds
000000009172.jpg,essential,A large clock that reads 1:53 is on a post adjacent to a street lamp. ,36292,24buoazu
000000016308.jpg,essential,A tennis player wearing all white is standing on a tennis court while a crowd watches.,17634,ccc4cuyt
000000004975.jpg,essential,Several people wearing cap and gowns are outside while a woman holding an umbrella smiles.,20134,fumotdsv
000000008305.jpg,control,Three men dressed in pink uniforms are holding balls,25959,ugbssop3
000000002142.jpg,control,A man is sitting on a park bench surrounded by pigeons.,15419,1xjujwhp
000000000049.jpg,control,"Two horses, one white and one black with riders on them are up on their hind legs.",29664,kcmuh20o
000000009372.jpg,control,A bride and a groom are walking out of a building holding hands.,26128,mr88wzl4
000000003080.jpg,control,A large clock is on two sides of a building tower.,15321,u5qjy8x6
000000010324.jpg,control,A refrigerator door is open showing that it is full of food and also has a dog laying in it.,32319,h16aterw
000000006579.jpg,essential,an adult is speaking with a boy who is about five years old; the child looks very frustrated.,89726,1ea8dlvh
000000006780.jpg,essential,approximately sixty people are on a large field of grass.  most of the people are standing in the distance but six are close to the camera. there are males and females visible and they are teenagers or in their early twenties.,120694,ajpiu93r
000000007069.jpg,essential,a man who is about 30 years old is holding a yellow frisbee as he stands alone  in an area with many trees.,75027,t0mcx4z0
000000011567.jpg,essential,a male  tennis player who is about twenty five years old is looking to his left; the match is not in progress as this is going on.,69999,j90v72pa
000000018766.jpg,essential,a red and blue bicycle is partially visible; it is under an object  that is circular and is black with some white spots.  there are no people visible.,109066,s79qigzu
000000005755.jpg,essential,"a yellow fire hydrant is a couple of feet away fro an empty shopping cart,  both objects are on a thin grassy area and there are no people.",48383,u8k7imrw
000000006579.jpg,control,America solider handing stuff animal to a Honduran child.,72379,f6evm3xe
000000006780.jpg,control,Soccer being played in the park on a sunny day.,43378,8pj04x48
000000007069.jpg,control,Man holding a frisbee at the twelfth hole at a frisbee golf course.,107946,2tem4vp2
000000011567.jpg,control,Professional tennis player express his dismay on the tennis court.,47455,iaz999ha
000000018766.jpg,control,Umbrella fasten to the main bar of a bicycle on a rainy day.,52478,96dksxjh
000000005755.jpg,control,Empty shopping cart placed next to a fire hydrant with weeds growing around it.,90813,gh84fz1i
000000011034.jpg,time,A boy and a man are playing a game on a tv.,32720,oofvd8r5
000000002400.jpg,time,A man sits on a wooden bench with two big dogs near him.,28846,pr7lbj89
000000001053.jpg,time,Four people are crossing a road on bicycles closely together.,33381,3wx9wjzm
000000007524.jpg,time,A police officer atop a large horse watches traffic.,31933,cyduvken
000000003325.jpg,time,A vase sits behind a clear box in a well lit room.,31366,3a61h084
000000012109.jpg,time,A small car is parked near an electrical charging station.,34630,eodaolcd
000000008305.jpg,control,Three men dressed for sports are holding balls and staring in the same direction.,44830,1itgkzyh
000000002142.jpg,control,A man is sitting on a park bench surrounded by pigeons.,34985,n54004wo
000000000049.jpg,control,Two men on horses are forcing the animals to rear up on their hind legs.,100592,x0ausku6
000000009372.jpg,control,A group of people are lined up near a door as a couple dressed for marriage pass by.,65159,ydqx79es
000000003080.jpg,control,A large clock stands in front of a multi-story office building.,44147,udbwtzd7
000000010324.jpg,control,A two door refrigerator stands open with a dog sitting in it.,24683,1h70e9m0
000000008305.jpg,essential,Men in pink uniforms holding volleyballs standing on a volleyball court in a gym. ,78420,drdujmli
000000002142.jpg,essential,Man sitting on a park bench feeding a numerous amounts of pigeons.,64738,341xj3hd
000000000049.jpg,essential,Two horse riders perform tricks by having their horse stand on their hind legs.,94186,f40b4d8u
000000009372.jpg,essential,A lovely Asian couple coming out of the church after getting married surrounded by the guest.,54399,6rw1wqip
000000003080.jpg,essential,Large modern clock associated with a company building in a courtyard with the time reading as 3:22.,111226,x697exke
000000010324.jpg,essential,An open refrigerator stuff with unorganized food on all the shelves. ,66209,jqs767v4
000000011034.jpg,control,a male of about 25 years old is sitting next to a girl who is about four years old.  the girl is sitting on a love seat while the man is sitting on one of the arm rests of the love seat.  the man is looking straight ahead while the girl is focused on a small object she is holding.,107204,h6sl1nkz
000000002400.jpg,control,a smiling man of about fifty years old is sitting on a bench.  a gray and white dog is sitting to his right while a black and white dog is sitting to his left.  the entire area has grass on it.  ,64434,f66tlmwh
000000001053.jpg,control,five people on bicycles are riding across a road while a partially shown gray car waits for them to cross the road.  there is a lot of grass on the right and there is a traffic light on the left.,102271,c18gv0wy
000000007524.jpg,control,a child who is only visible from the back is sitting on a brown horse on a street near a thin area of grass.  there is a man of about fifty years old is on a stationary motorcycle and he is looking at the horse.  in the distance there are about 10 people on a sidewalk.,136711,k5orp4mh
000000003325.jpg,control,"a large, fancy brown mug is on display in a museum.  there are pictures of 2 people and a horse on the mug.  one person can be seen behind the mug; this person is facing the opposite direction of the mug.",108816,o8hxqv3t
000000012109.jpg,control,"a very small dark red car is parked near a sidewalk. there is a sign marked ""P"" next to the car. trees are on the other side of the street.",80442,t0sx55qb
000000006579.jpg,essential,A little boy holding stuffed animals looks very upset and afraid of a female soldier talking to him. ,65204,xq0df7ky
000000006780.jpg,essential,A large group of coed students are playing a game with a frisbee with one girl in possession of the frisbee while on the grass while another girl approaches her running. ,107731,tbwl7y4y
000000007069.jpg,essential,A man wearing sunglasses and holding a yellow frisbee is on a disc golf course and he is about to start the twelfth hole. ,67013,vrsjonvo
000000011567.jpg,essential,A male tennis player on a multicolored court is wincing in pain and making a face. ,46240,c25iyqot
000000018766.jpg,essential,A blue bicycle with a folded red umbrella attached to the cross bar is sitting underneath a very large and ornate fountain. ,64070,b3tqfabs
000000005755.jpg,essential,A blue shopping cart from Rite Aid has been placed on a curb next to a yellow hydrant. ,58860,9ac44xfz
000000002415.jpg,control,A group of people tied the cow with a rope.,52036,1fwf52wl
000000011494.jpg,control,A lot of protestors stand on the bus and wave to the people around.,128814,3xdle5wp
000000005213.jpg,control,A motorcycle parked on the curbside but no driver.,56610,02yzrnmk
000000009172.jpg,control,A clock is located in front of the bridge in the city.,64081,p2nd4azl
000000016308.jpg,control,The famous tennis player is in the field.,28362,ykhnpu32
000000004975.jpg,control,"A mother is taking part in the graduation ceremony, and several mentors are around her.",99113,9pu0ye5d
000000011034.jpg,control,A kid sitting on a coach and a grown up playing a video game in the living room. The grownup has a white stirring wheel controller. ,47127,6iusxrg3
000000002400.jpg,control,"A man sitting on a wooden bench in a park with two dogs, one by his feet and the other one at the other end of the bench. ",28187,gjvhu1c5
000000001053.jpg,control,Five people riding bicycles crossing the street in front of a silver car.,21999,xt1x0m9j
000000007524.jpg,control,A woman riding a horse having a conversation in the middle of the street with a cop that is riding a bike and blocking the way. There are a lot of people outside and it is a sunny day. ,90640,xisymuyo
000000003325.jpg,control,An orange vase that looks ancient with Egyptian culture pictures. The vase is inside a glass cage. ,38008,poo4p6kk
000000012109.jpg,control,A small red and black car parked in the street. The day is really sunny. ,20106,fbkly76h
000000006579.jpg,essential,A boy carrying white stuffed teddy bears looking sadly at a woman in camo who is also looking back at him in a crowd of people.,69920,r9nd41sf
000000006780.jpg,essential,a large open grassy field with many people standing and sitting across it in different positions. ,53490,0rtlpmgg
000000007069.jpg,essential,a man holding a yellow frisbee standing next to a post with a sign on it in a very dry and densely vegetated area. ,63188,mwzl09hv
000000011567.jpg,essential,a man in a blue shirt standing on a tennis court holding a racket and a ball giving a sour face expression.,36418,7l96rtc1
000000018766.jpg,essential,a blue bicycle with an umbrella attached to it next to a large statue. ,39061,b6wi3xvt
000000005755.jpg,essential,a yellow fire hydrant on a street corner with a blue shopping cart next to it. ,22942,stcokee1
000000011034.jpg,comprehensive,A dad and his son playing video game on the couch at the living room,65367,izf9r2vy
000000002400.jpg,comprehensive,A man sitting on a bench with his two dogs on a nature background,46119,efplz34h
000000001053.jpg,comprehensive,Five cyclists crossing a street while a white car waits,54530,8zim26of
000000007524.jpg,comprehensive,A kid on a horse in front of a police officer in a bike in the middle of the street,110921,ap6yi196
000000003325.jpg,comprehensive,A prehistoric jar being displayed on a glass container in a museum,65807,axml5ibx
000000012109.jpg,comprehensive,A red car waiting for pedestrians to pass on a crosswalk,50444,0amcmdga
000000002415.jpg,essential,A group of people are try to control and calm the bull in the green field which is near by the homes in day time. ,133481,yxcdndmc
000000011494.jpg,essential,A group of people are going to the protest in the bus  and support to the LGBT community,75301,t756frz3
000000005213.jpg,essential,A small and good looking two wheeler stand near by a road.  ,58288,hau9wuh5
000000009172.jpg,essential,A clock shows the time 12:50 which is near by the bridge.  ,81068,3zsisg3u
000000016308.jpg,essential,A tennis player practicing on the green field .,38889,jrumaqrb
000000004975.jpg,essential,A graduates are going to get the degree with umbrella. ,39869,yjol3a4o
000000002415.jpg,essential,a bull is being dragged by a bunch of men,34144,ndsws68c
000000011494.jpg,essential,a van full of people is driving around with a pride flag,13300,ivgak54t
000000005213.jpg,essential,a bike is parked on the side of the road,18947,2x19cnjw
000000009172.jpg,essential,a huge clock is in the middle of the street ,31948,b14px10q
000000016308.jpg,essential,a tennis player is holding a racket  ,32366,lkudwjg7
000000004975.jpg,essential,people graduating holding umbrellas and smiling to the camera,80377,k694ftns
000000002415.jpg,comprehensive,A group of men pull on a green string attached to the horns of a bull.,33525,ryrb7041
000000011494.jpg,comprehensive,A group of people stand on top a bus containing a gay pride flag along the side.,27309,psvvsnu5
000000005213.jpg,comprehensive,A red exterior motocycle is parked on the side of the road on a highway.,17405,ikzayela
000000009172.jpg,comprehensive,A tall clock on a lamp post outside in a vacant city street.,22227,di6v1ke1
000000016308.jpg,comprehensive,Serena williams outside on a tennis court wearing white in a match.,18281,68pysckx
000000004975.jpg,comprehensive,A group of older students at graduation for some sort of university.,20225,9rw8l8dn
000000008305.jpg,comprehensive,Three male volleyball players are holding yellow and purple balls and wearing pink uniforms.,47758,uop5ls52
000000002142.jpg,comprehensive,"An Asian man is wearing a black jacket, sitting on a wooden bench and is surrounded by pigeons.",48208,jddn93ns
000000000049.jpg,comprehensive,A man with a spanish outfit is riding a black horse that is on its hind legs and another man wearing a spanish outfit is riding a white horse that is on its hind legs.,86944,1mhsgjoq
000000009372.jpg,comprehensive,"An Asian man and woman are walking outside after their wedding, coming down the steps, surrounded by their family friends.",27730,bnpr7vz3
000000003080.jpg,comprehensive,"An analog clock is standing on top of a brick building, which is in front of a larger glass-windowed building.",35849,vgtib6hy
000000010324.jpg,comprehensive,A refrigerator door is open with a white fluffy dog inside that is laying on his dog bed.,26396,p81cpptf
000000011034.jpg,essential,"A boy is sitting on the couch, next to a man and they are playing a video game together.",52402,1h8y8cs7
000000002400.jpg,essential,A man is sitting on the bench with two dogs sitting around him.,21895,1zrriyos
000000001053.jpg,essential,A group of 5 bicycle riders are crossing the road in front of a car.,21659,zoodsv3r
000000007524.jpg,essential,A police officer riding a horse is talking to a police officer riding a motorcycle.,45041,0iv9ppdu
000000003325.jpg,essential,A brown and tan vase depicting what looks like roman imagery is inside a glass case. It is sitting inside a museum.,40796,sssyufse
000000012109.jpg,essential,A very small vehicle is parked at a parking meter on an empty street.,32530,4gcrvwqh
000000002415.jpg,comprehensive,Couple of middle aged men in different head gears are holding a rope tied to a bull's horns.,77234,pns22kr1
000000011494.jpg,comprehensive,So many people rallying about LGBT on a red tour bus are waving to the crowd beneath them as they watch them go.,105271,l85ttysi
000000005213.jpg,comprehensive,A power bike packed beside a bush that has a brick sign post that has white mountain national forest written on it.,83030,pdanppm2
000000009172.jpg,comprehensive,Street clock pole standing side by side a street light.,38677,ai0ler9m
000000016308.jpg,comprehensive,Serena Williams in an all white dress holding her long tennis bat on the lawn,51085,1gxvmnoi
000000004975.jpg,comprehensive,couple of professors wearing their ceremonies gown and heading towards same direction.,100381,8su7a0jf
000000002415.jpg,comprehensive,6 men are standing by a bull on a grass field and there are two ropes tied around the bull around each horn. ,168943,ljlb0dj7
000000011494.jpg,comprehensive,"A tour bus with people on the top deck is on the street, there is a large crowd and the bus has the LGBT flag on it.",96379,ph7v0m4v
000000005213.jpg,comprehensive,"A motorcycle is parked on the side of the road, there are mountains and trees. There is a sign that says ""White Mountain National Forest"".",55700,akrzj2oi
000000009172.jpg,comprehensive,On the left side there is a pole with clock and on the right side there is a pole with a light. Behind the poles is an over pass.,99810,2fgokad7
000000016308.jpg,comprehensive,Serena Williams is playing tennis. She is wearing an all white outfit with matching Nike shoes. In the back ground there is a crowd.,55012,hak4tzbd
000000004975.jpg,comprehensive,2 People with umbrellas and 5 with out and umbrella. Most have a cap on.,42313,r416e2ni
000000011034.jpg,control,Father and son sitting on the couch playing video games.,50021,9zuf4mj8
000000002400.jpg,control,Man with camera in hand sitting on a wooden bench and posing for photo with his two dogs.,70827,gg5ovm7t
000000001053.jpg,control,Five bicycles cross the street while a car waits at traffic lights.,52201,5brdwn8w
000000007524.jpg,control,A woman on a horse converses with a man on a motorcycle.,39308,za5fecuc
000000003325.jpg,control,Vase with drawings in the egyptian style in a museum.,40977,oe0aw474
000000012109.jpg,control,Small red car parked on the side of a street.,43654,icsjj95u
000000008305.jpg,control,Three men in pink uniforms are holding volleyballs on an indoor court.,22871,z3dl8zcp
000000002142.jpg,control,A man on a park bench is surrounding by pigeons.,12076,a98fraai
000000000049.jpg,control,Two horses with cowgirls are up on their hind legs as part of an equestrianism competition.,26053,26pku8oa
000000009372.jpg,control,A bride and groom are leaving the church with family and friends applauding on both sides.,64790,zntv4050
000000003080.jpg,control,A clocktower shows the time is 3:23 with a glass building behind it.,22043,k1yva4zv
000000010324.jpg,control,An open fridge door with a puppy resting on a bed in the fridge.,12712,vzom46a3
000000006579.jpg,control,A female soldier is speaking with a young boy.,22140,uqstuu2y
000000006780.jpg,control,A group of children are playing frisbee in a large field.,13876,3gmcoe8v
000000007069.jpg,control,A man is holding a frisbee next to a sign post on a trail in the woods.,16727,msugjwpl
000000011567.jpg,control,A man is playing tennis at a tennis court.,14394,wr2u5ck1
000000018766.jpg,control,A blue bike has a red umbrella strapped to it and is sitting in the rain.,19355,ww717x03
000000005755.jpg,control,A blue shopping cart is parked by a yellow fire hydrant.,13524,9gmpf7eq
000000011034.jpg,comprehensive,A kid and an adult holding racing wheels and playing games while sitting on a sofa.,84920,7q8b561x
000000002400.jpg,comprehensive,"A middle-aged man sitting on a bench, surrounded by vegetation and two dogs.",49303,fqbjknjd
000000001053.jpg,comprehensive,A group of 5 cyclists crossing a street closed by a red light.,64351,lej2r02e
000000007524.jpg,comprehensive,"A girl riding a horse talking to a pollice officer in a bike, near a large group of people, some of them with bicyles.",65520,gzwgtfcy
000000003325.jpg,comprehensive,"An ornate greek, possibly of greco-roman origin, behind a glass. Some people can be seen in the reflection of the glass.",208815,2d1kfpxl
000000012109.jpg,comprehensive,A small red car parked in front of a parking meter.,128318,ptsjx02g
000000006579.jpg,comprehensive,A woman from the armed forces is speaking to a child holding a stuffed animal.,46356,cmt3pypc
000000006780.jpg,comprehensive,Young adults are playing on a grass field.,36321,agtstuxc
000000007069.jpg,comprehensive,A man is standing by a sign holding a frisbee.,22191,ian8vrjl
000000011567.jpg,comprehensive,A man playing tennis is making a face.,34992,451lk3m9
000000018766.jpg,comprehensive,A bike is leaning a against a water fountain.,37479,lyfjhcsu
000000005755.jpg,comprehensive,A shopping cart is next to a yellow fire hydrant.,26839,7u3zef8g
000000002415.jpg,time,Man playing with a dog in a garden,22872,arpc0ldf
000000011494.jpg,time,"A bus with a big LGBT flag, and a lot of people waving at the top of it",48971,qpwlchfd
000000005213.jpg,time,A motorcycle stopped at the side of the road,31621,vy6bd7wj
000000009172.jpg,time,A gate with a big clock on the front,29049,rdjkcdwb
000000016308.jpg,time,A woman playing tennis in a green field,41124,g9b3ya3y
000000004975.jpg,time,Some people in a rainy day holding umbrellas,28408,62b3fmys
000000011034.jpg,time,a man sitting on a sofa holding something in his hands,24144,ci1f9acx
000000002400.jpg,time,a man sitting on a bench with a dog while another dog is in the back of the bench,23891,c7wufx6i
000000001053.jpg,time,a car waiting while cyclers cross the street at a sidewalk,34507,i868drxb
000000007524.jpg,time,  a man on a motorcycle and a man on a horse on the side of the road while people gather in the background,31692,zg3idl87
000000003325.jpg,time,a brown pot like item sitting on top of a counter or a table top,18973,yclfa3ya
000000012109.jpg,time,small red car parked in front of a parking meter on a road,26225,8fc0w4zn
000000006579.jpg,control,An Army woman gives a gift to a child.,75557,iolb1fsq
000000006780.jpg,control,A group of people relaxing and jogging in the park.,39825,z1nihdjx
000000007069.jpg,control,A man gives a pose with some thing next to a notice stand.,101734,gk8bj4sd
000000011567.jpg,control,A famous tennis player was disappointed or unsatisified.,54877,pzyztfq7
000000018766.jpg,control,Drops of water spraying on a cycle with umbrella.,57951,vqtk8l1u
000000005755.jpg,control,A shopping trolley is placed next to a yellow fire hydrant.,42870,onaalgvm
000000002415.jpg,time,People are holding on to a large bull with ropes.,25773,v8usrlg4
000000011494.jpg,time,An open air double decker bus is decorated for Pride and is in a parade.,32319,2o0yu5mi
000000005213.jpg,time,A small motorcycle is parked on the side of a small road in the country.,25201,phuw9jfs
000000009172.jpg,time,A courtyard with a bridge in the background and a clock with Roman numerals in the foreground.,36670,7gun6lib
000000016308.jpg,time,Serena Williams is at Wimbledon and is wearing a white outfit.,32183,x77wvtq2
000000004975.jpg,time,A graduation event and everyone is wearing caps and gowns.,25399,o3rd9xyo
000000002415.jpg,control,Group of men are standing next to what looks like a yak. 3 of the men have a green rope on the horns of it and are trying to pull it.,78620,g9um2vav
000000011494.jpg,control,People are on the top of a bus waving at on goers. The bus is red and has a gay pride flag on it.,47528,1fzfoqnb
000000005213.jpg,control,A sports motorcycle stands parked near a National Forest sign and trees.,58530,5uxclta6
000000009172.jpg,control,"Tall clock that looks old is next to a street light, in background there is a sing near and a bridge further back.",52685,7z9ralwr
000000016308.jpg,control,"Tennis player (Serena Williams?) on the court with people in the background watching, some filing. ",47571,i8gxpf82
000000004975.jpg,control,"People are graduating, some are receiving their diplomas and some are walking away as they got them already.  Some have umbrellas.",61586,sn8amdgv
000000011034.jpg,comprehensive,"A man and his son are in a living room holding video game controllers, one of which is a wheel.",46681,91kj63s0
000000002400.jpg,comprehensive,A man is sitting on a wood bench in a forest and there are two dogs sitting nearby.,25968,vn40jhaz
000000001053.jpg,comprehensive,A group of bicyclists are crossing a small damp road.,43980,j994m44l
000000007524.jpg,comprehensive,A police officer on horseback converses with a police officer on a motorcycle and there is a group of people lined up in the background.,48281,acnpl6o2
000000003325.jpg,comprehensive,An ancient vase in a museum shows people standing beside a chariot rider.,48493,qexsol7t
000000012109.jpg,comprehensive,A very small red mini car is parked next to a parking meter.,19161,dfyr6oqh
000000006579.jpg,essential,"A women wearing an army uniform talking to a kid that's holding a stuffed animal, there are a lot of people around",59718,rb3xvwxk
000000006780.jpg,essential,"A group of people in a park playing frisbee, there are also people around the field watching the game",72383,91co54xm
000000007069.jpg,essential,"A man holding an object and showing to the camera, he is standing beside a sign  somewhere in the woods",44043,ai6t8u0g
000000011567.jpg,essential,A tennis player holding a racket and a ball on his hand inside the court,23405,i2uf43zm
000000018766.jpg,essential,"A close up of a bicycle, on the background there is a fountain",55121,3lborx2i
000000005755.jpg,essential,A hydrant and a shopping cart next to each other on a sidewalk,24413,je3itahz
000000002415.jpg,comprehensive,A group of men holding an animal using ropes in a field ,50529,8euq6bgu
000000011494.jpg,comprehensive,"A group of people on top of a tourist bus waving at the crowd below them, there are gay pride and an LGBT rights signs on the side of the bus",197436,2q2taqf1
000000005213.jpg,comprehensive,"A parked motorcycle next to a sign of the White Mountain National Park, there are a lot of trees on the side of the road",46381,on2fcchh
000000009172.jpg,comprehensive,"A sidewalk with a vintage clock next to a lamp post, on the background there is a street and a bridge",69915,7bdonrfh
000000016308.jpg,comprehensive,"A female tennis player holding a racket in the court, on the background there are photographers looking ather and a crowd watching the game",33470,jdt7l6x8
000000004975.jpg,comprehensive,"A line of students graduating, all of them are wearing graduation outfits, there are two women holding umbrellas",179857,9fpuc8hh
